INSERT INTO categorias VALUES ('sin alcohol');
INSERT INTO categorias VALUES ('con alcohol');
INSERT INTO categorias VALUES ('carnes');
INSERT INTO categorias VALUES ('pescados');
INSERT INTO categorias VALUES ('postres');
INSERT INTO categorias VALUES ('tapas');
INSERT INTO categorias VALUES ('chuches');

INSERT INTO productos (nombre,categoria) VALUES ('1906','con alcohol');
INSERT INTO productos (nombre,categoria) VALUES ('agua','sin alcohol');
INSERT INTO productos (nombre,categoria) VALUES ('aquarius','sin alcohol');
INSERT INTO productos (nombre,categoria) VALUES ('arroz caldoso','pescados');
INSERT INTO productos (nombre,categoria) VALUES ('cachopo','carnes');
INSERT INTO productos (nombre,categoria) VALUES ('chipirones fritos','tapas');
INSERT INTO productos (nombre,categoria) VALUES ('chupa chups','chuches');
INSERT INTO productos (nombre,categoria) VALUES ('coca cola','sin alcohol');
INSERT INTO productos (nombre,categoria) VALUES ('coronita','con alcohol');
INSERT INTO productos (nombre,categoria) VALUES ('costillas','carnes');
INSERT INTO productos (nombre,categoria) VALUES ('coulan','postres');
INSERT INTO productos (nombre,categoria) VALUES ('croquetas','tapas');
INSERT INTO productos (nombre,categoria) VALUES ('dorada','pescados');
INSERT INTO productos (nombre,categoria) VALUES ('entrecot','carnes');
INSERT INTO productos (nombre,categoria) VALUES ('fanta naranja','sin alcohol');
INSERT INTO productos (nombre,categoria) VALUES ('flan','postres');
INSERT INTO productos (nombre,categoria) VALUES ('fresas','postres');
INSERT INTO productos (nombre,categoria) VALUES ('fresas candy','chuches');
INSERT INTO productos (nombre,categoria) VALUES ('hamburguesa','carnes');
INSERT INTO productos (nombre,categoria) VALUES ('helado','postres');
INSERT INTO productos (nombre,categoria) VALUES ('lubina','pescados');
INSERT INTO productos (nombre,categoria) VALUES ('merluza','pescados');
INSERT INTO productos (nombre,categoria) VALUES ('nestea','sin alcohol');
INSERT INTO productos (nombre,categoria) VALUES ('olivas','tapas');
INSERT INTO productos (nombre,categoria) VALUES ('papas bravas','tapas');
INSERT INTO productos (nombre,categoria) VALUES ('patatas','tapas');
INSERT INTO productos (nombre,categoria) VALUES ('platanos','chuches');
INSERT INTO productos (nombre,categoria) VALUES ('regaliz','chuches');
INSERT INTO productos (nombre,categoria) VALUES ('ron cola','con alcohol');
INSERT INTO productos (nombre,categoria) VALUES ('sandia','chuches');
INSERT INTO productos (nombre,categoria) VALUES ('sardinas','pescados');
INSERT INTO productos (nombre,categoria) VALUES ('solomillo','carnes');
INSERT INTO productos (nombre,categoria) VALUES ('tarta','postres');
INSERT INTO productos (nombre,categoria) VALUES ('vodka','con alcohol');
INSERT INTO productos (nombre,categoria) VALUES ('whisky ','con alcohol');

INSERT INTO imagenes (nombre,url) VALUES ('coronita','https://i1.wp.com/www.oo-foodielicious.com/wp-content/uploads/2019/10/Coronita-and-CoronaRita-in-Singapore-Review2.jpg?fit=800%2C1200&ssl=1');
INSERT INTO imagenes (nombre,url) VALUES ('coronita','https://i0.wp.com/www.lhommetendance.fr/wp-content/uploads/2018/04/Casa-Corona-2.jpg?fit=800%2C533&ssl=1');
INSERT INTO imagenes (nombre,url) VALUES ('coronita','https://www.taufulou.com/wp-content/uploads/2016/09/Corona-11.jpg');
INSERT INTO imagenes (nombre,url) VALUES ('1906','https://imagenes.lainformacion.com/files/image_606_387/uploads/imagenes/2020/09/21/cerveza-1906.jpeg');
INSERT INTO imagenes (nombre,url) VALUES ('1906','https://images.unsplash.com/photo-1516458464372-eea4ab222b31?ixlib=rb-1.2.1&ixid=MnwxMjA3fDB8MHxwaG90by1wYWdlfHx8fGVufDB8fHx8&auto=format&fit=crop&w=1866&q=80');
INSERT INTO imagenes (nombre,url) VALUES ('1906','https://media-cdn.tripadvisor.com/media/photo-s/11/46/50/ff/1906-red-vintage-de-estrella.jpg');
INSERT INTO imagenes (nombre,url) VALUES ('ron cola','http://www.cocinaldia.es/files/5014/4881/9685/cuba_libre2.jpg');
INSERT INTO imagenes (nombre,url) VALUES ('ron cola','https://ep00.epimg.net/elpais/imagenes/2017/05/29/fotorrelato/1496050746_093678_1496681741_album_normal.jpg');
INSERT INTO imagenes (nombre,url) VALUES ('ron cola','https://st.depositphotos.com/1036843/3001/i/450/depositphotos_30014389-stock-photo-rum-and-cola.jpg');
INSERT INTO imagenes (nombre,url) VALUES ('vodka','https://images.unsplash.com/photo-1549746423-e5fe9cafded8?ixid=MnwxMjA3fDB8MHxwaG90by1wYWdlfHx8fGVufDB8fHx8&ixlib=rb-1.2.1&auto=format&fit=crop&w=1868&q=80');
INSERT INTO imagenes (nombre,url) VALUES ('vodka','https://images.unsplash.com/photo-1546171753-97d7676e4602?ixlib=rb-1.2.1&ixid=MnwxMjA3fDB8MHxwaG90by1wYWdlfHx8fGVufDB8fHx8&auto=format&fit=crop&w=1868&q=80');
INSERT INTO imagenes (nombre,url) VALUES ('vodka','https://images.unsplash.com/photo-1551887558-68148b03eb90?ixid=MnwxMjA3fDB8MHxwaG90by1wYWdlfHx8fGVufDB8fHx8&ixlib=rb-1.2.1&auto=format&fit=crop&w=334&q=80');
INSERT INTO imagenes (nombre,url) VALUES ('whisky ','https://images.unsplash.com/photo-1569529465841-dfecdab7503b?ixid=MnwxMjA3fDB8MHxwaG90by1wYWdlfHx8fGVufDB8fHx8&ixlib=rb-1.2.1&auto=format&fit=crop&w=334&q=80');
INSERT INTO imagenes (nombre,url) VALUES ('whisky ','https://images.unsplash.com/photo-1529264978834-666a0e99f884?ixid=MnwxMjA3fDB8MHxwaG90by1wYWdlfHx8fGVufDB8fHx8&ixlib=rb-1.2.1&auto=format&fit=crop&w=750&q=80');
INSERT INTO imagenes (nombre,url) VALUES ('whisky ','https://images.unsplash.com/photo-1583873463426-776e17c904cf?ixid=MnwxMjA3fDB8MHxwaG90by1wYWdlfHx8fGVufDB8fHx8&ixlib=rb-1.2.1&auto=format&fit=crop&w=667&q=80');
INSERT INTO imagenes (nombre,url) VALUES ('agua','https://digitaldeleon.com/wp-content/uploads/2020/03/jjjjj.png');
INSERT INTO imagenes (nombre,url) VALUES ('agua','https://image.europafm.com/clipping/cmsimages02/2018/09/07/A5460958-2627-46AB-BE9C-DDCECD4128D5/58.jpg');
INSERT INTO imagenes (nombre,url) VALUES ('agua','https://www.estrelladigital.es/media/estrelladigital/images/2017/03/16/2017031618401166197.jpg');
INSERT INTO imagenes (nombre,url) VALUES ('fanta naranja','https://images.unsplash.com/photo-1566821605469-c28186a4d137?ixid=MnwxMjA3fDB8MHxwaG90by1wYWdlfHx8fGVufDB8fHx8&ixlib=rb-1.2.1&auto=format&fit=crop&w=334&q=80');
INSERT INTO imagenes (nombre,url) VALUES ('fanta naranja','https://images.unsplash.com/photo-1586508423576-2be174db52bd?ixlib=rb-1.2.1&ixid=MnwxMjA3fDB8MHxwaG90by1wYWdlfHx8fGVufDB8fHx8&auto=format&fit=crop&w=334&q=80');
INSERT INTO imagenes (nombre,url) VALUES ('fanta naranja','https://images.unsplash.com/photo-1566821605469-c28186a4d137?ixid=MnwxMjA3fDB8MHxwaG90by1wYWdlfHx8fGVufDB8fHx8&ixlib=rb-1.2.1&auto=format&fit=crop&w=334&q=80');
INSERT INTO imagenes (nombre,url) VALUES ('coca cola','https://images.unsplash.com/photo-1561758033-48d52648ae8b?ixid=MnwxMjA3fDB8MHxwaG90by1wYWdlfHx8fGVufDB8fHx8&ixlib=rb-1.2.1&auto=format&fit=crop&w=334&q=80');
INSERT INTO imagenes (nombre,url) VALUES ('coca cola','https://images.unsplash.com/photo-1567103472667-6898f3a79cf2?ixid=MnwxMjA3fDB8MHxwaG90by1wYWdlfHx8fGVufDB8fHx8&ixlib=rb-1.2.1&auto=format&fit=crop&w=334&q=80');
INSERT INTO imagenes (nombre,url) VALUES ('coca cola','https://images.unsplash.com/photo-1567103472667-6898f3a79cf2?ixid=MnwxMjA3fDB8MHxwaG90by1wYWdlfHx8fGVufDB8fHx8&ixlib=rb-1.2.1&auto=format&fit=crop&w=334&q=80');
INSERT INTO imagenes (nombre,url) VALUES ('aquarius','https://images.unsplash.com/photo-1507281549113-040fcfef650e?ixid=MnwxMjA3fDB8MHxwaG90by1wYWdlfHx8fGVufDB8fHx8&ixlib=rb-1.2.1&auto=format&fit=crop&w=750&q=80');
INSERT INTO imagenes (nombre,url) VALUES ('aquarius','https://images.unsplash.com/photo-1513558003720-343f3a99d97b?ixid=MnwxMjA3fDB8MHxwaG90by1wYWdlfHx8fGVufDB8fHx8&ixlib=rb-1.2.1&auto=format&fit=crop&w=334&q=80');
INSERT INTO imagenes (nombre,url) VALUES ('aquarius','https://images.unsplash.com/photo-1536972990510-2ecb9d60ac4e?ixlib=rb-1.2.1&ixid=MnwxMjA3fDB8MHxwaG90by1wYWdlfHx8fGVufDB8fHx8&auto=format&fit=crop&w=375&q=80');
INSERT INTO imagenes (nombre,url) VALUES ('nestea','https://images.unsplash.com/photo-1470337458703-46ad1756a187?ixid=MnwxMjA3fDB8MHxwaG90by1wYWdlfHx8fGVufDB8fHx8&ixlib=rb-1.2.1&auto=format&fit=crop&w=749&q=80');
INSERT INTO imagenes (nombre,url) VALUES ('nestea','https://images.unsplash.com/photo-1500217052183-bc01eee1a74e?ixlib=rb-1.2.1&ixid=MnwxMjA3fDB8MHxwaG90by1wYWdlfHx8fGVufDB8fHx8&auto=format&fit=crop&w=334&q=80');
INSERT INTO imagenes (nombre,url) VALUES ('nestea','https://images.unsplash.com/photo-1536935338788-846bb9981813?ixid=MnwxMjA3fDB8MHxwaG90by1wYWdlfHx8fGVufDB8fHx8&ixlib=rb-1.2.1&auto=format&fit=crop&w=686&q=80');
INSERT INTO imagenes (nombre,url) VALUES ('solomillo','https://images.unsplash.com/photo-1504973960431-1c467e159aa4?ixlib=rb-1.2.1&ixid=MnwxMjA3fDB8MHxwaG90by1wYWdlfHx8fGVufDB8fHx8&auto=format&fit=crop&w=1950&q=80');
INSERT INTO imagenes (nombre,url) VALUES ('solomillo','https://images.unsplash.com/photo-1608877907149-a206d75ba011?ixlib=rb-1.2.1&ixid=MnwxMjA3fDB8MHxwaG90by1wYWdlfHx8fGVufDB8fHx8&auto=format&fit=crop&w=375&q=80');
INSERT INTO imagenes (nombre,url) VALUES ('solomillo','https://images.unsplash.com/photo-1614597134736-a8e0616933d5?ixid=MnwxMjA3fDB8MHxwaG90by1wYWdlfHx8fGVufDB8fHx8&ixlib=rb-1.2.1&auto=format&fit=crop&w=750&q=80');
INSERT INTO imagenes (nombre,url) VALUES ('hamburguesa','https://images.unsplash.com/photo-1591907383498-1f0a836e5b71?ixid=MnwxMjA3fDB8MHxwaG90by1wYWdlfHx8fGVufDB8fHx8&ixlib=rb-1.2.1&auto=format&fit=crop&w=334&q=80');
INSERT INTO imagenes (nombre,url) VALUES ('hamburguesa','https://images.unsplash.com/photo-1550547660-d9450f859349?ixid=MnwxMjA3fDB8MHxwaG90by1wYWdlfHx8fGVufDB8fHx8&ixlib=rb-1.2.1&auto=format&fit=crop&w=401&q=80');
INSERT INTO imagenes (nombre,url) VALUES ('hamburguesa','https://images.unsplash.com/photo-1565060050382-f180053db6fa?ixid=MnwxMjA3fDB8MHxwaG90by1wYWdlfHx8fGVufDB8fHx8&ixlib=rb-1.2.1&auto=format&fit=crop&w=333&q=80');
INSERT INTO imagenes (nombre,url) VALUES ('costillas','https://1.bp.blogspot.com/-8Vh8JcxwKHA/Wdch7h2IcrI/AAAAAAAAOuI/7QFRrHYF0kgsGemdNevDh6fTvFn0_YVfQCLcBGAs/s900/Costillas-especiadas-al-horno-4.png');
INSERT INTO imagenes (nombre,url) VALUES ('costillas','https://images.unsplash.com/photo-1611354574034-9655b5b72d59?ixid=MnwxMjA3fDB8MHxwaG90by1wYWdlfHx8fGVufDB8fHx8&ixlib=rb-1.2.1&auto=format&fit=crop&w=750&q=80');
INSERT INTO imagenes (nombre,url) VALUES ('costillas','https://images.unsplash.com/photo-1529193591184-b1d58069ecdd?ixlib=rb-1.2.1&ixid=MnwxMjA3fDB8MHxwaG90by1wYWdlfHx8fGVufDB8fHx8&auto=format&fit=crop&w=375&q=80');
INSERT INTO imagenes (nombre,url) VALUES ('cachopo','https://www.cocinayvino.com/wp-content/uploads/2018/04/90333629_m-e1522781028858.jpg');
INSERT INTO imagenes (nombre,url) VALUES ('cachopo','https://external-content.duckduckgo.com/iu/?u=https%3A%2F%2Ftse1.mm.bing.net%2Fth%3Fid%3DOIP.FmSqYW-URh2beF3wdK5_OwHaE7%26pid%3DApi&f=1');
INSERT INTO imagenes (nombre,url) VALUES ('cachopo','https://external-content.duckduckgo.com/iu/?u=https%3A%2F%2Ftse3.mm.bing.net%2Fth%3Fid%3DOIP.D7Ss5Trzh1ZP0ySl015ZKgHaFf%26pid%3DApi&f=1');
INSERT INTO imagenes (nombre,url) VALUES ('entrecot','https://external-content.duckduckgo.com/iu/?u=https%3A%2F%2Ftse1.mm.bing.net%2Fth%3Fid%3DOIP.ZPZTaQBhrekbvnHzIKBc9QHaD4%26pid%3DApi&f=1');
INSERT INTO imagenes (nombre,url) VALUES ('entrecot','https://external-content.duckduckgo.com/iu/?u=https%3A%2F%2Ftse3.mm.bing.net%2Fth%3Fid%3DOIP.CUatZNH4bvjgWBd6TR0OcQHaHa%26pid%3DApi&f=1');
INSERT INTO imagenes (nombre,url) VALUES ('entrecot','https://external-content.duckduckgo.com/iu/?u=https%3A%2F%2Ftse1.mm.bing.net%2Fth%3Fid%3DOIP.u8eP82Lvz4-1IeBWRWmbRQAAAA%26pid%3DApi&f=1');
INSERT INTO imagenes (nombre,url) VALUES ('merluza','https://external-content.duckduckgo.com/iu/?u=https%3A%2F%2Ftse2.mm.bing.net%2Fth%3Fid%3DOIP.8dGHm4ryMA_pfF826kogVgHaDP%26pid%3DApi&f=1');
INSERT INTO imagenes (nombre,url) VALUES ('merluza','https://external-content.duckduckgo.com/iu/?u=https%3A%2F%2Ftse1.mm.bing.net%2Fth%3Fid%3DOIP.UOIu7dOYr0eU10lBWH7izgHaEH%26pid%3DApi&f=1');
INSERT INTO imagenes (nombre,url) VALUES ('merluza','https://www.platossabrosos.com/wp-content/uploads/2014/05/merluza-rellena-de-langostinos.jpg');
INSERT INTO imagenes (nombre,url) VALUES ('dorada','https://images.unsplash.com/photo-1518732751612-2c0787ff5684?ixlib=rb-1.2.1&ixid=MnwxMjA3fDB8MHxwaG90by1wYWdlfHx8fGVufDB8fHx8&auto=format&fit=crop&w=1950&q=80');
INSERT INTO imagenes (nombre,url) VALUES ('dorada','https://external-content.duckduckgo.com/iu/?u=https%3A%2F%2Ftse2.mm.bing.net%2Fth%3Fid%3DOIP.BuFvN0xlCaLDGZmWsrH4bgHaEK%26pid%3DApi&f=1');
INSERT INTO imagenes (nombre,url) VALUES ('dorada','https://external-content.duckduckgo.com/iu/?u=https%3A%2F%2Ftse1.mm.bing.net%2Fth%3Fid%3DOIP.y4v365ylfCXtPsCJuJsF5wHaEK%26pid%3DApi&f=1');
INSERT INTO imagenes (nombre,url) VALUES ('lubina','https://images.unsplash.com/photo-1519233991914-26a44330ccd7?ixid=MnwxMjA3fDB8MHxwaG90by1wYWdlfHx8fGVufDB8fHx8&ixlib=rb-1.2.1&auto=format&fit=crop&w=750&q=80');
INSERT INTO imagenes (nombre,url) VALUES ('lubina','https://images.unsplash.com/photo-1513271224036-f526ad664968?ixid=MnwxMjA3fDB8MHxwaG90by1wYWdlfHx8fGVufDB8fHx8&ixlib=rb-1.2.1&auto=format&fit=crop&w=750&q=80');
INSERT INTO imagenes (nombre,url) VALUES ('lubina','http://img2.rtve.es/imagenes/saber-cocinar-lubina-plancha-verduras-vinagreta/1372171087865.jpg');
INSERT INTO imagenes (nombre,url) VALUES ('sardinas','https://external-content.duckduckgo.com/iu/?u=https%3A%2F%2Ftse4.mm.bing.net%2Fth%3Fid%3DOIP.qOZ4PenceBUSNJulKmU5nQHaIv%26pid%3DApi&f=1');
INSERT INTO imagenes (nombre,url) VALUES ('sardinas','https://external-content.duckduckgo.com/iu/?u=https%3A%2F%2Ftse2.mm.bing.net%2Fth%3Fid%3DOIP.Xl2myvXBlCAvTzlijQ4mHgHaE7%26pid%3DApi&f=1');
INSERT INTO imagenes (nombre,url) VALUES ('sardinas','https://external-content.duckduckgo.com/iu/?u=https%3A%2F%2Ftse2.mm.bing.net%2Fth%3Fid%3DOIP.g54SKju71zhLBXyN3JRwkwHaEK%26pid%3DApi&f=1');
INSERT INTO imagenes (nombre,url) VALUES ('arroz caldoso','https://images.unsplash.com/photo-1611712142269-12b7433e28e9?ixid=MnwxMjA3fDB8MHxwaG90by1wYWdlfHx8fGVufDB8fHx8&ixlib=rb-1.2.1&auto=format&fit=crop&w=375&q=80');
INSERT INTO imagenes (nombre,url) VALUES ('arroz caldoso','https://external-content.duckduckgo.com/iu/?u=https%3A%2F%2Ftse3.mm.bing.net%2Fth%3Fid%3DOIP.NXdEPiZuFzW3lOx3IdfemwHaEK%26pid%3DApi&f=1');
INSERT INTO imagenes (nombre,url) VALUES ('arroz caldoso','https://images.unsplash.com/photo-1621841957884-1210fe19d66d?ixid=MnwxMjA3fDB8MHxwaG90by1wYWdlfHx8fGVufDB8fHx8&ixlib=rb-1.2.1&auto=format&fit=crop&w=750&q=80');
INSERT INTO imagenes (nombre,url) VALUES ('helado','https://images.unsplash.com/photo-1504050502639-3d3c3f6266cd?ixid=MnwxMjA3fDB8MHxwaG90by1wYWdlfHx8fGVufDB8fHx8&ixlib=rb-1.2.1&auto=format&fit=crop&w=334&q=80');
INSERT INTO imagenes (nombre,url) VALUES ('helado','https://images.unsplash.com/photo-1501118347049-aba774d9e0a0?ixlib=rb-1.2.1&ixid=MnwxMjA3fDB8MHxwaG90by1wYWdlfHx8fGVufDB8fHx8&auto=format&fit=crop&w=750&q=80');
INSERT INTO imagenes (nombre,url) VALUES ('helado','https://images.unsplash.com/photo-1529688499411-262f191fe29e?ixlib=rb-1.2.1&ixid=MnwxMjA3fDB8MHxwaG90by1wYWdlfHx8fGVufDB8fHx8&auto=format&fit=crop&w=375&q=80');
INSERT INTO imagenes (nombre,url) VALUES ('flan','https://external-content.duckduckgo.com/iu/?u=https%3A%2F%2Ftse3.mm.bing.net%2Fth%3Fid%3DOIP.P0glVCpRqXfh5oyfpWtH5QHaDt%26pid%3DApi&f=1');
INSERT INTO imagenes (nombre,url) VALUES ('flan','https://ep01.epimg.net/elpais/imagenes/2017/04/28/gastronotas_de_capel/1493365538_876544_1493365770_sumario_normal.jpg');
INSERT INTO imagenes (nombre,url) VALUES ('flan','https://www.magacin247.com/wp-content/uploads/2020/11/FLAN.jpg');
INSERT INTO imagenes (nombre,url) VALUES ('fresas','https://images.unsplash.com/photo-1499635842761-4f1f28fafcff?ixid=MnwxMjA3fDB8MHxwaG90by1wYWdlfHx8fGVufDB8fHx8&ixlib=rb-1.2.1&auto=format&fit=crop&w=400&q=80');
INSERT INTO imagenes (nombre,url) VALUES ('fresas','https://images.unsplash.com/photo-1557951064-8ce1cf80ee72?ixid=MnwxMjA3fDB8MHxwaG90by1wYWdlfHx8fGVufDB8fHx8&ixlib=rb-1.2.1&auto=format&fit=crop&w=752&q=80');
INSERT INTO imagenes (nombre,url) VALUES ('fresas','https://images.unsplash.com/photo-1561160726-3949ec97d4db?ixlib=rb-1.2.1&ixid=MnwxMjA3fDB8MHxwaG90by1wYWdlfHx8fGVufDB8fHx8&auto=format&fit=crop&w=750&q=80');
INSERT INTO imagenes (nombre,url) VALUES ('coulan','https://external-content.duckduckgo.com/iu/?u=https%3A%2F%2Ftse4.mm.bing.net%2Fth%3Fid%3DOIP.wmmZCPckyyH74UD3J9HzuQHaEQ%26pid%3DApi&f=1');
INSERT INTO imagenes (nombre,url) VALUES ('coulan','https://external-content.duckduckgo.com/iu/?u=https%3A%2F%2Ftse3.mm.bing.net%2Fth%3Fid%3DOIP.s7LEg1ZFZtOe0icQwVJI4wHaEK%26pid%3DApi&f=1');
INSERT INTO imagenes (nombre,url) VALUES ('coulan','https://i.pinimg.com/originals/61/a5/c5/61a5c5b3d334c904449b6e176949ef80.jpg');
INSERT INTO imagenes (nombre,url) VALUES ('tarta','https://external-content.duckduckgo.com/iu/?u=https%3A%2F%2Ftse2.mm.bing.net%2Fth%3Fid%3DOIP.IHIMsptnovxrs4CDw6Es2gHaFS%26pid%3DApi&f=1');
INSERT INTO imagenes (nombre,url) VALUES ('tarta','https://external-content.duckduckgo.com/iu/?u=https%3A%2F%2Ftse1.mm.bing.net%2Fth%3Fid%3DOIP.oSxxufLw6XdWuewLNOQnoQHaE8%26pid%3DApi&f=1');
INSERT INTO imagenes (nombre,url) VALUES ('tarta','https://external-content.duckduckgo.com/iu/?u=https%3A%2F%2Ftse3.mm.bing.net%2Fth%3Fid%3DOIP.AIskcJgO0vQiU1P9fxSLHQHaE8%26pid%3DApi&f=1');
INSERT INTO imagenes (nombre,url) VALUES ('chipirones fritos','https://www.sidreriapanorama.es/wp-content/uploads/2020/09/Chipirones-fritos-scaled.jpg');
INSERT INTO imagenes (nombre,url) VALUES ('chipirones fritos','https://media-cdn.tripadvisor.com/media/photo-s/06/3d/78/84/chipirones-para-celiacos.jpg');
INSERT INTO imagenes (nombre,url) VALUES ('chipirones fritos','https://unareceta.com/wp-content/uploads/2018/01/receta-de-chipirones-fritos-crujientes.jpg');
INSERT INTO imagenes (nombre,url) VALUES ('papas bravas','https://images.unsplash.com/photo-1565599837634-134bc3aadce8?ixid=MnwxMjA3fDB8MHxwaG90by1wYWdlfHx8fGVufDB8fHx8&ixlib=rb-1.2.1&auto=format&fit=crop&w=375&q=80');
INSERT INTO imagenes (nombre,url) VALUES ('papas bravas','https://2.bp.blogspot.com/-pIlsWRIYyWY/V77jY7zZsfI/AAAAAAAABYw/7PzzlNOUoVon4dM70Y85h-6jRSKzuqeGgCLcB/s1600/papas-bravas-2.jpg');
INSERT INTO imagenes (nombre,url) VALUES ('papas bravas','https://upload.wikimedia.org/wikipedia/commons/1/16/Patatas_bravas_madrid.jpg');
INSERT INTO imagenes (nombre,url) VALUES ('olivas','https://images.unsplash.com/photo-1622341357069-6144b45b75b6?ixid=MnwxMjA3fDB8MHxwaG90by1wYWdlfHx8fGVufDB8fHx8&ixlib=rb-1.2.1&auto=format&fit=crop&w=889&q=80');
INSERT INTO imagenes (nombre,url) VALUES ('olivas','https://images.unsplash.com/photo-1622341357129-c460d41da93d?ixid=MnwxMjA3fDB8MHxwaG90by1wYWdlfHx8fGVufDB8fHx8&ixlib=rb-1.2.1&auto=format&fit=crop&w=376&q=80');
INSERT INTO imagenes (nombre,url) VALUES ('olivas','https://images.unsplash.com/photo-1596099477998-880bc06e09f9?ixid=MnwxMjA3fDB8MHxwaG90by1wYWdlfHx8fGVufDB8fHx8&ixlib=rb-1.2.1&auto=format&fit=crop&w=334&q=80');
INSERT INTO imagenes (nombre,url) VALUES ('patatas','https://external-content.duckduckgo.com/iu/?u=https%3A%2F%2Ftse4.mm.bing.net%2Fth%3Fid%3DOIP.vfIbgtfc8qawXf_6Na83cgHaDk%26pid%3DApi&f=1');
INSERT INTO imagenes (nombre,url) VALUES ('patatas','https://external-content.duckduckgo.com/iu/?u=https%3A%2F%2Ftse1.mm.bing.net%2Fth%3Fid%3DOIP.qY7iJ4YRFovZInBx2JmRjQHaE7%26pid%3DApi&f=1');
INSERT INTO imagenes (nombre,url) VALUES ('patatas','https://palatablepastime.com/wp-content/uploads/2017/12/saratoga-chips-wide.jpg');
INSERT INTO imagenes (nombre,url) VALUES ('croquetas','https://www.madridiario.es/fotos/1/156091_croqueta2.jpg');
INSERT INTO imagenes (nombre,url) VALUES ('croquetas','https://external-content.duckduckgo.com/iu/?u=https%3A%2F%2Ftse2.mm.bing.net%2Fth%3Fid%3DOIP.C_0pAVNXKWuiZ4tP-s5NawHaEK%26pid%3DApi&f=1');
INSERT INTO imagenes (nombre,url) VALUES ('croquetas','https://external-content.duckduckgo.com/iu/?u=https%3A%2F%2Ftse2.mm.bing.net%2Fth%3Fid%3DOIP._4Syuu5sc9P4a3fL2UNrzwHaE8%26pid%3DApi&f=1');
INSERT INTO imagenes (nombre,url) VALUES ('sandia','https://images.unsplash.com/photo-1484328577761-18c07a30344a?ixlib=rb-1.2.1&ixid=MnwxMjA3fDB8MHxwaG90by1wYWdlfHx8fGVufDB8fHx8&auto=format&fit=crop&w=750&q=80');
INSERT INTO imagenes (nombre,url) VALUES ('sandia','https://external-content.duckduckgo.com/iu/?u=https%3A%2F%2Ftse3.mm.bing.net%2Fth%3Fid%3DOIP.vO4D5b3Gbbynj4zBVOESOgHaF7%26pid%3DApi&f=1');
INSERT INTO imagenes (nombre,url) VALUES ('sandia','https://external-content.duckduckgo.com/iu/?u=https%3A%2F%2Ftse2.mm.bing.net%2Fth%3Fid%3DOIP.52LfYgNptN5P14nDPRcHtAHaHQ%26pid%3DApi&f=1');
INSERT INTO imagenes (nombre,url) VALUES ('chupa chups','https://i.ebayimg.com/00/s/MTAwMFgxMDAw/z/UX0AAOSwt0FZDbhm/$_57.JPG');
INSERT INTO imagenes (nombre,url) VALUES ('chupa chups','http://www.srtajara.com/wp-content/uploads/2011/10/chupa-chups.jpg');
INSERT INTO imagenes (nombre,url) VALUES ('chupa chups','https://www.worldofsweets.de/out/pictures/master/product/2/chupa-chups-fruit-250er-beutel.jpg');
INSERT INTO imagenes (nombre,url) VALUES ('platanos','https://chaser.com.au/wp-content/uploads/2018/09/candy_bananas.jpg');
INSERT INTO imagenes (nombre,url) VALUES ('platanos','https://keepinitkind.com/wp-content/uploads/2013/05/Chocolate-PB-Covered-Bananas-48.jpg');
INSERT INTO imagenes (nombre,url) VALUES ('platanos','https://cdn.shopify.com/s/files/1/1297/7475/products/allens_bananas_loose__23256.1519597561.1280.1280_1024x1024.jpg?v=1562653153');
INSERT INTO imagenes (nombre,url) VALUES ('regaliz','https://external-content.duckduckgo.com/iu/?u=https%3A%2F%2Ftse1.mm.bing.net%2Fth%3Fid%3DOIP.eq1szZNG9GjNJjS_2yjwMQHaEo%26pid%3DApi&f=1');
INSERT INTO imagenes (nombre,url) VALUES ('regaliz','https://external-content.duckduckgo.com/iu/?u=https%3A%2F%2Ftse2.mm.bing.net%2Fth%3Fid%3DOIP.nZ6reN-TGXoDTJiwd-haVAHaHa%26pid%3DApi&f=1');
INSERT INTO imagenes (nombre,url) VALUES ('regaliz','https://external-content.duckduckgo.com/iu/?u=https%3A%2F%2Ftse1.mm.bing.net%2Fth%3Fid%3DOIP.Okz9ZwE7_Xk2MnXt6iBgVQHaE8%26pid%3DApi&f=1');
INSERT INTO imagenes (nombre,url) VALUES ('fresas candy','https://images.unsplash.com/flagged/photo-1564763081854-2fd54a3ab9a0?ixid=MnwxMjA3fDB8MHxwaG90by1wYWdlfHx8fGVufDB8fHx8&ixlib=rb-1.2.1&auto=format&fit=crop&w=750&q=80');
INSERT INTO imagenes (nombre,url) VALUES ('fresas candy','https://www.superchuches.com/c/1918-medium_default/chuches-de-fresa.jpg');
INSERT INTO imagenes (nombre,url) VALUES ('fresas candy','https://i.pinimg.com/736x/39/49/de/3949ded8669aeacb61f48959c259283b.jpg');
